"","mean_high_c:year2020","mean_high_c:year2021"
"2.5%",-0.00586067916846103,0.000947118693747347
"50%",-0.00569094324371161,0.00112410172256219
"97.5%",-0.00551549995673792,0.00130164322790843
